time,ax,ay,az
2020-08-12 19:13:11.3410,-0.01,0.01,-0.03
2020-08-12 19:13:11.4400,0.02,0.01,0.02
2020-08-12 19:13:11.5410,-0.02,-0.01,0.08
2020-08-12 19:13:11.6380,-0.03,0.01,-0.02
2020-08-12 19:13:11.7380,0.08,-0.0,0.02
2020-08-12 19:13:11.8370,0.01,0.02,-0.02
2020-08-12 19:13:11.9360,-0.01,-0.02,0.01
2020-08-12 19:13:12.0370,0.01,0.02,-0.02
2020-08-12 19:13:12.1350,-0.01,-0.01,0.04
2020-08-12 19:13:12.2340,0.02,0.02,-0.01
2020-08-12 19:13:12.3330,-0.06,0.02,0.03
2020-08-12 19:13:12.4330,-0.02,0.02,-0.01
2020-08-12 19:13:12.5320,0.04,0.0,-0.03
2020-08-12 19:13:12.6330,0.02,0.01,0.02
2020-08-12 19:13:12.7300,-0.02,0.01,0.01
2020-08-12 19:13:12.8300,-0.03,-0.0,0.0
2020-08-12 19:13:12.9290,-0.07,-0.0,-0.03
2020-08-12 19:13:13.0280,0.01,0.02,-0.03
2020-08-12 19:13:13.1270,0.03,0.02,0.02
2020-08-12 19:13:13.2270,-0.1,-0.01,0.03
2020-08-12 19:13:13.3260,0.02,-0.01,-0.0
2020-08-12 19:13:13.4250,0.03,-0.0,-0.03
2020-08-12 19:13:13.5250,-0.02,-0.02,-0.06
2020-08-12 19:13:13.6230,0.03,0.04,-0.05
2020-08-12 19:13:13.7230,-0.07,-0.03,0.04
2020-08-12 19:13:13.8220,-0.02,0.06,0.08
2020-08-12 19:13:13.9220,-0.03,0.01,0.05
2020-08-12 19:13:14.0210,-0.05,0.0,-0.02
2020-08-12 19:13:14.1200,-0.25,0.0,0.15
2020-08-12 19:13:14.2210,-0.35,-0.34,0.01
2020-08-12 19:13:14.3180,-0.2,-0.28,0.19
2020-08-12 19:13:14.4180,-0.83,-0.03,0.06
2020-08-12 19:13:14.5170,-0.13,-0.06,-0.13
2020-08-12 19:13:14.6160,0.06,-0.3,-0.07
2020-08-12 19:13:14.7150,1.23,-0.1,0.02
2020-08-12 19:13:14.8150,-0.83,-0.49,-0.35
2020-08-12 19:13:14.9140,0.33,0.28,0.0
2020-08-12 19:13:15.0130,-0.25,0.19,0.11
2020-08-12 19:13:15.1120,-0.05,-0.04,-0.04
2020-08-12 19:13:15.2120,0.06,-0.04,-0.01
2020-08-12 19:13:15.3110,-0.02,-0.02,0.04
2020-08-12 19:13:15.4110,-0.08,0.03,0.06
2020-08-12 19:13:15.5090,-0.11,0.07,0.03
2020-08-12 19:13:15.6090,-0.13,-0.19,0.09
2020-08-12 19:13:15.7080,-0.24,-0.31,0.02
2020-08-12 19:13:15.8080,-0.27,-0.27,0.36
2020-08-12 19:13:15.9070,-0.6,-0.04,0.05
2020-08-12 19:13:16.0060,-0.4,-0.06,0.13
2020-08-12 19:13:16.1050,0.22,-0.23,0.09
2020-08-12 19:13:16.2050,0.4,-0.12,0.12
2020-08-12 19:13:16.3040,0.7,-0.05,-0.04
2020-08-12 19:13:16.4030,0.5,0.06,-0.18
2020-08-12 19:13:16.5020,0.25,-0.1,0.18
2020-08-12 19:13:16.6010,0.44,0.06,-0.15
2020-08-12 19:13:16.7010,-0.24,0.13,0.16
2020-08-12 19:13:16.8000,-0.05,-0.01,-0.01
2020-08-12 19:13:16.8990,-0.01,0.02,-0.0
2020-08-12 19:13:16.9990,0.01,-0.01,0.04
2020-08-12 19:13:17.0980,-0.06,0.01,0.0
2020-08-12 19:13:17.1970,-0.09,-0.09,0.14
2020-08-12 19:13:17.2960,-0.44,-0.4,0.05
2020-08-12 19:13:17.3960,-0.25,-0.37,0.15
2020-08-12 19:13:17.4950,-0.48,0.17,0.37
2020-08-12 19:13:17.5940,-0.79,0.11,0.16
2020-08-12 19:13:17.6930,0.1,-0.25,-0.33
2020-08-12 19:13:17.7930,0.69,-0.29,0.21
2020-08-12 19:13:17.8920,1.63,0.48,-0.06
2020-08-12 19:13:17.9930,0.23,-0.19,0.51
2020-08-12 19:13:18.0900,0.11,0.0,-0.13
2020-08-12 19:13:18.1900,-0.01,0.07,0.1
2020-08-12 19:13:18.2890,0.0,-0.01,0.01
2020-08-12 19:13:18.3880,-0.02,0.01,0.05
2020-08-12 19:13:18.4880,0.02,-0.0,0.01
2020-08-12 19:13:18.5870,-0.11,0.02,0.06
2020-08-12 19:13:18.6860,-0.16,-0.17,0.09
2020-08-12 19:13:18.7850,-0.46,-0.33,0.12
2020-08-12 19:13:18.8850,-0.24,-0.51,0.38
2020-08-12 19:13:18.9840,-0.71,0.09,0.04
2020-08-12 19:13:19.0830,-0.48,-0.04,0.15
2020-08-12 19:13:19.1820,0.08,-0.27,0.14
2020-08-12 19:13:19.2810,0.83,-0.3,0.14
2020-08-12 19:13:19.3810,0.93,0.18,-0.08
2020-08-12 19:13:19.4800,-0.41,-0.11,0.1
2020-08-12 19:13:19.5790,0.57,0.13,-0.09
2020-08-12 19:13:19.6790,-0.47,-0.09,0.12
2020-08-12 19:13:19.7780,-0.01,0.01,-0.03
2020-08-12 19:13:19.8770,0.04,0.0,-0.01
2020-08-12 19:13:19.9760,0.01,-0.02,0.03
2020-08-12 19:13:20.0760,-0.25,-0.02,0.11
2020-08-12 19:13:20.1750,-0.28,-0.4,0.1
2020-08-12 19:13:20.2740,-0.42,-0.27,0.13
2020-08-12 19:13:20.3730,-0.62,0.08,0.47
2020-08-12 19:13:20.4730,-0.66,0.17,0.16
2020-08-12 19:13:20.5720,0.03,-0.23,-0.01
2020-08-12 19:13:20.6710,0.34,-0.52,0.06
2020-08-12 19:13:20.7700,0.97,0.03,-0.11
2020-08-12 19:13:20.8700,0.49,-0.13,-0.23
2020-08-12 19:13:20.9690,0.24,-0.28,0.25
2020-08-12 19:13:21.0680,0.51,0.07,-0.08
2020-08-12 19:13:21.1670,-0.22,0.1,0.11
2020-08-12 19:13:21.2670,0.0,-0.02,0.02
2020-08-12 19:13:21.3660,0.11,-0.07,-0.04
2020-08-12 19:13:21.4650,0.01,0.01,0.03
2020-08-12 19:13:21.5650,-0.09,-0.07,-0.04
2020-08-12 19:13:21.6640,-0.1,-0.22,0.13
2020-08-12 19:13:21.7630,-0.5,-0.31,0.1
2020-08-12 19:13:21.8620,-0.41,-0.43,0.17
2020-08-12 19:13:21.9620,-0.81,0.13,0.11
2020-08-12 19:13:22.0610,-0.42,-0.08,0.18
2020-08-12 19:13:22.1600,0.12,-0.4,-0.06
2020-08-12 19:13:22.2600,0.85,-0.46,0.05
2020-08-12 19:13:22.3590,0.97,0.12,0.07
2020-08-12 19:13:22.4580,-0.2,-0.13,0.18
2020-08-12 19:13:22.5570,0.45,0.16,-0.05
2020-08-12 19:13:22.6560,-0.41,0.02,0.15
2020-08-12 19:13:22.7560,-0.07,-0.04,0.04
2020-08-12 19:13:22.8550,0.05,-0.02,0.02
2020-08-12 19:13:22.9540,0.0,-0.01,0.0
2020-08-12 19:13:23.0530,-0.11,-0.02,0.05
2020-08-12 19:13:23.1530,-0.21,-0.21,0.09
2020-08-12 19:13:23.2520,-0.54,-0.39,0.13
2020-08-12 19:13:23.3510,-0.62,-0.55,0.35
2020-08-12 19:13:23.4500,-0.69,0.04,-0.08
2020-08-12 19:13:23.5500,-0.42,0.02,0.17
2020-08-12 19:13:23.6480,0.31,-0.54,-0.17
2020-08-12 19:13:23.7480,1.28,-0.34,-0.02
2020-08-12 19:13:23.8480,0.8,-0.14,-0.05
2020-08-12 19:13:23.9470,0.46,-0.39,0.28
2020-08-12 19:13:24.0460,0.27,-0.01,-0.13
2020-08-12 19:13:24.1450,0.12,0.12,0.1
2020-08-12 19:13:24.2440,-0.04,0.01,0.03
2020-08-12 19:13:24.3440,0.05,0.0,-0.0
2020-08-12 19:13:24.4430,-0.04,0.01,0.03
2020-08-12 19:13:24.5420,-0.14,0.01,0.07
2020-08-12 19:13:24.6420,-0.11,-0.29,-0.03
2020-08-12 19:13:24.7410,-0.44,-0.43,0.32
2020-08-12 19:13:24.8400,-0.14,-0.21,0.4
2020-08-12 19:13:24.9390,-0.81,0.28,0.26
2020-08-12 19:13:25.0380,-0.15,-0.27,0.01
2020-08-12 19:13:25.1380,0.11,-0.33,0.09
2020-08-12 19:13:25.2370,0.5,-0.37,-0.1
2020-08-12 19:13:25.3360,0.56,0.1,-0.16
2020-08-12 19:13:25.4360,0.01,-0.43,0.03
2020-08-12 19:13:25.5350,0.39,-0.21,0.11
2020-08-12 19:13:25.6350,0.13,-0.1,0.11
2020-08-12 19:13:25.7330,0.01,-0.0,0.01
2020-08-12 19:13:25.8320,0.02,0.01,-0.05
2020-08-12 19:13:25.9320,-0.1,0.02,0.0
2020-08-12 19:13:26.0310,-0.06,0.02,-0.03
2020-08-12 19:13:26.1300,-0.08,-0.01,0.07
2020-08-12 19:13:26.2300,-0.1,-0.18,0.02
2020-08-12 19:13:26.3300,-0.43,-0.34,0.15
2020-08-12 19:13:26.4280,-0.16,-0.51,0.42
2020-08-12 19:13:26.5280,-0.82,0.13,0.2
2020-08-12 19:13:26.6270,-0.57,0.02,0.07
2020-08-12 19:13:26.7260,0.1,-0.39,-0.13
2020-08-12 19:13:26.8250,0.76,-0.54,-0.0
2020-08-12 19:13:26.9240,1.01,0.14,-0.09
2020-08-12 19:13:27.0240,-0.46,-0.27,-0.22
2020-08-12 19:13:27.1230,0.58,-0.42,0.01
2020-08-12 19:13:27.2220,-0.05,-0.04,-0.12
2020-08-12 19:13:27.3220,0.11,-0.03,-0.15
2020-08-12 19:13:27.4210,-0.04,0.06,0.03
2020-08-12 19:13:27.5200,0.04,-0.01,0.05
2020-08-12 19:13:27.6190,-0.0,0.06,0.14
2020-08-12 19:13:27.7180,-0.1,-0.15,0.05
2020-08-12 19:13:27.8180,-0.38,-0.2,0.21
2020-08-12 19:13:27.9170,-0.28,-0.27,0.09
2020-08-12 19:13:28.0170,-0.56,0.16,0.41
2020-08-12 19:13:28.1160,-0.78,0.02,0.19
2020-08-12 19:13:28.2150,0.2,-0.3,0.02
2020-08-12 19:13:28.3140,0.5,-0.46,0.19
2020-08-12 19:13:28.4140,0.86,-0.09,-0.09
2020-08-12 19:13:28.5130,0.78,-0.11,-0.26
2020-08-12 19:13:28.6120,0.11,-0.36,0.2
2020-08-12 19:13:28.7110,0.24,0.03,-0.01
2020-08-12 19:13:28.8100,-0.01,0.05,0.17
2020-08-12 19:13:28.9100,-0.01,-0.0,-0.05
2020-08-12 19:13:29.0090,-0.03,0.02,0.04
2020-08-12 19:13:29.1080,-0.0,-0.02,0.04
2020-08-12 19:13:29.2080,0.03,-0.0,0.01
2020-08-12 19:13:29.3070,-0.16,-0.02,0.06
2020-08-12 19:13:29.4060,-0.08,-0.22,0.11
2020-08-12 19:13:29.5050,-0.52,-0.46,0.2
2020-08-12 19:13:29.6040,-0.56,-0.54,0.52
2020-08-12 19:13:29.7040,-0.86,0.23,0.06
2020-08-12 19:13:29.8030,-0.57,0.04,0.11
2020-08-12 19:13:29.9020,0.51,-0.36,-0.06
2020-08-12 19:13:30.0010,1.01,-0.12,-0.08
2020-08-12 19:13:30.1010,0.77,0.09,-0.08
2020-08-12 19:13:30.2000,-0.16,-0.26,0.44
2020-08-12 19:13:30.2990,0.67,0.09,-0.06
2020-08-12 19:13:30.3990,-0.28,-0.0,0.02
2020-08-12 19:13:30.4980,0.12,0.01,0.03
2020-08-12 19:13:30.5970,-0.05,0.02,-0.02
2020-08-12 19:13:30.6960,0.05,0.01,0.01
2020-08-12 19:13:30.7960,0.09,-0.09,-0.06
2020-08-12 19:13:30.8950,-0.17,-0.11,0.06
2020-08-12 19:13:30.9940,-0.3,-0.26,0.29
2020-08-12 19:13:31.0930,-0.25,-0.25,0.13
2020-08-12 19:13:31.1930,-0.41,0.09,0.34
2020-08-12 19:13:31.2920,-0.71,0.19,0.31
2020-08-12 19:13:31.3910,0.12,-0.19,-0.03
2020-08-12 19:13:31.4900,0.17,-0.37,0.23
2020-08-12 19:13:31.5900,0.97,-0.24,0.11
2020-08-12 19:13:31.6890,0.91,-0.03,-0.11
2020-08-12 19:13:31.7880,0.23,-0.06,0.25
2020-08-12 19:13:31.8870,0.36,0.03,0.07
2020-08-12 19:13:31.9870,-0.14,0.02,-0.03
2020-08-12 19:13:32.0860,0.02,0.01,0.06
2020-08-12 19:13:32.1850,-0.0,0.01,0.04
2020-08-12 19:13:32.2850,0.0,-0.03,0.02
2020-08-12 19:13:32.3840,-0.12,-0.04,0.1
2020-08-12 19:13:32.4830,-0.16,-0.31,0.06
2020-08-12 19:13:32.5820,-0.43,-0.42,0.21
2020-08-12 19:13:32.6820,-0.56,-0.42,0.5
2020-08-12 19:13:32.7810,-0.81,-0.01,0.04
2020-08-12 19:13:32.8800,-0.39,-0.03,0.02
2020-08-12 19:13:32.9790,0.19,-0.58,-0.13
2020-08-12 19:13:33.0790,1.09,-0.46,0.23
2020-08-12 19:13:33.1780,0.89,-0.04,-0.16
2020-08-12 19:13:33.2770,0.11,-0.29,0.13
2020-08-12 19:13:33.3760,0.43,0.04,-0.08
2020-08-12 19:13:33.4760,-0.04,0.04,0.05
2020-08-12 19:13:33.5750,0.07,0.03,0.03
2020-08-12 19:13:33.6740,-0.06,0.0,0.06
2020-08-12 19:13:33.7730,0.01,0.02,0.08
2020-08-12 19:13:33.8730,-0.04,-0.01,0.03
2020-08-12 19:13:33.9720,-0.1,-0.1,0.06
2020-08-12 19:13:34.0710,-0.35,-0.4,0.21
2020-08-12 19:13:34.1700,-0.28,-0.53,0.3
2020-08-12 19:13:34.2700,-0.66,0.08,0.31
2020-08-12 19:13:34.3690,-0.7,0.08,0.24
2020-08-12 19:13:34.4690,0.19,-0.31,0.06
2020-08-12 19:13:34.5680,0.68,-0.59,0.08
2020-08-12 19:13:34.6670,1.35,0.19,-0.17
2020-08-12 19:13:34.7660,-1.22,-0.21,-0.65
2020-08-12 19:13:34.8650,0.62,0.16,-0.02
2020-08-12 19:13:34.9650,-0.15,-0.05,0.1
2020-08-12 19:13:35.0640,0.04,0.01,-0.1
2020-08-12 19:13:35.1630,0.09,0.0,-0.12
2020-08-12 19:13:35.2620,-0.01,0.01,-0.0
2020-08-12 19:13:35.3620,-0.1,0.01,0.04
2020-08-12 19:13:35.4610,-0.11,-0.15,0.03
2020-08-12 19:13:35.5600,-0.35,-0.32,0.16
2020-08-12 19:13:35.6590,-0.32,-0.43,0.1
2020-08-12 19:13:35.7590,-0.5,0.2,0.44
2020-08-12 19:13:35.8580,-0.81,0.23,0.24
2020-08-12 19:13:35.9570,0.35,-0.2,0.02
2020-08-12 19:13:36.0560,0.23,-0.24,-0.02
2020-08-12 19:13:36.1560,0.68,-0.23,-0.07
2020-08-12 19:13:36.2550,0.68,0.03,-0.14
2020-08-12 19:13:36.3540,-0.24,-0.14,0.2
2020-08-12 19:13:36.4540,0.58,0.06,-0.01
2020-08-12 19:13:36.5530,-0.45,0.01,0.13
2020-08-12 19:13:36.6520,0.05,-0.04,0.03
2020-08-12 19:13:36.7510,-0.01,0.06,0.06
2020-08-12 19:13:36.8500,0.01,-0.02,-0.04
2020-08-12 19:13:36.9500,-0.07,0.03,0.1
2020-08-12 19:13:37.0490,-0.17,-0.22,-0.0
2020-08-12 19:13:37.1480,-0.52,-0.47,0.14
2020-08-12 19:13:37.2480,-0.38,-0.53,0.45
2020-08-12 19:13:37.3470,-0.45,-0.15,0.15
2020-08-12 19:13:37.4460,-0.49,0.21,0.16
2020-08-12 19:13:37.5460,0.17,-0.23,0.02
2020-08-12 19:13:37.6450,0.94,-0.61,0.14
2020-08-12 19:13:37.7440,0.93,0.09,-0.09
2020-08-12 19:13:37.8430,-0.92,-0.26,-0.48
2020-08-12 19:13:37.9420,0.95,-0.25,0.01
2020-08-12 19:13:38.0420,-0.14,-0.06,0.16
2020-08-12 19:13:38.1410,0.1,0.01,-0.07
2020-08-12 19:13:38.2400,-0.01,0.02,0.04
2020-08-12 19:13:38.3390,0.06,-0.01,0.01
2020-08-12 19:13:38.4390,-0.04,-0.0,-0.01
2020-08-12 19:13:38.5380,-0.21,-0.08,0.1
2020-08-12 19:13:38.6370,-0.32,-0.24,0.19
2020-08-12 19:13:38.7360,-0.37,-0.42,0.11
2020-08-12 19:13:38.8360,-0.2,0.69,0.48
2020-08-12 19:13:38.9350,-0.3,0.25,0.11
2020-08-12 19:13:39.0340,-0.16,0.03,0.0
2020-08-12 19:13:39.1340,0.14,-0.34,0.06
2020-08-12 19:13:39.2330,1.01,-0.47,-0.04
2020-08-12 19:13:39.3320,0.87,-0.01,-0.15
2020-08-12 19:13:39.4310,0.05,-0.22,0.25
2020-08-12 19:13:39.5310,0.24,-0.05,-0.01
2020-08-12 19:13:39.6300,-0.18,0.04,0.03
2020-08-12 19:13:39.7290,-0.07,0.0,0.07
2020-08-12 19:13:39.8280,-0.0,0.01,0.07
2020-08-12 19:13:39.9280,0.01,0.01,0.1
2020-08-12 19:13:40.0270,-0.07,0.05,0.06
2020-08-12 19:13:40.1260,-0.08,-0.1,0.08
2020-08-12 19:13:40.2260,-0.41,-0.3,0.26
2020-08-12 19:13:40.3250,-0.41,-0.54,0.07
2020-08-12 19:13:40.4240,-0.38,0.05,0.28
2020-08-12 19:13:40.5230,-0.52,0.16,0.23
2020-08-12 19:13:40.6230,0.0,-0.24,-0.07
2020-08-12 19:13:40.7220,0.36,-0.63,0.15
2020-08-12 19:13:40.8210,1.1,-0.02,-0.15
2020-08-12 19:13:40.9200,0.51,-0.23,-0.25
2020-08-12 19:13:41.0190,0.24,-0.27,0.31
2020-08-12 19:13:41.1190,0.33,-0.04,-0.12
2020-08-12 19:13:41.2180,-0.03,0.01,0.05
2020-08-12 19:13:41.3170,-0.0,0.04,-0.03
2020-08-12 19:13:41.4160,-0.02,-0.01,-0.03
2020-08-12 19:13:41.5160,0.04,-0.01,0.01
2020-08-12 19:13:41.6150,-0.1,-0.06,0.01
2020-08-12 19:13:41.7140,-0.09,-0.12,0.07
2020-08-12 19:13:41.8140,-0.31,-0.3,0.15
2020-08-12 19:13:41.9130,-0.31,-0.41,0.28
2020-08-12 19:13:42.0120,-0.48,0.05,0.29
2020-08-12 19:13:42.1130,-0.65,0.2,0.2
2020-08-12 19:13:42.2110,0.12,-0.15,-0.06
2020-08-12 19:13:42.3100,0.41,-0.56,0.02
2020-08-12 19:13:42.4090,0.93,-0.1,-0.08
2020-08-12 19:13:42.5080,0.63,-0.02,-0.14
2020-08-12 19:13:42.6080,0.09,-0.28,0.08
2020-08-12 19:13:42.7070,0.34,-0.02,-0.03
2020-08-12 19:13:42.8060,-0.23,-0.03,0.06
2020-08-12 19:13:42.9060,0.11,0.03,-0.13
2020-08-12 19:13:43.0050,0.07,0.01,0.01
2020-08-12 19:13:43.1040,-0.01,-0.03,0.04
2020-08-12 19:13:43.2030,-0.07,0.02,0.02
2020-08-12 19:13:43.3030,-0.13,-0.18,0.07
2020-08-12 19:13:43.4020,-0.43,-0.26,0.19
2020-08-12 19:13:43.5010,-0.11,-0.58,0.05
2020-08-12 19:13:43.6000,-0.2,0.4,0.5
2020-08-12 19:13:43.7000,-0.55,0.24,0.19
2020-08-12 19:13:43.7990,0.05,-0.18,-0.11
2020-08-12 19:13:43.8980,0.47,-0.56,0.04
2020-08-12 19:13:43.9970,1.06,-0.05,-0.03
2020-08-12 19:13:44.0970,0.22,-0.34,-0.03
2020-08-12 19:13:44.1960,0.43,-0.15,0.16
2020-08-12 19:13:44.2950,0.16,0.01,-0.09
2020-08-12 19:13:44.3940,0.23,0.01,0.08
2020-08-12 19:13:44.4940,-0.0,-0.01,0.08
2020-08-12 19:13:44.5930,0.04,-0.0,-0.05
2020-08-12 19:13:44.6920,0.02,0.0,0.01
2020-08-12 19:13:44.7910,-0.09,-0.03,-0.01
2020-08-12 19:13:44.8910,-0.2,-0.26,0.08
2020-08-12 19:13:44.9900,-0.48,-0.31,0.27
2020-08-12 19:13:45.0890,-0.31,-0.51,0.49
2020-08-12 19:13:45.1880,-0.31,-0.24,0.17
2020-08-12 19:13:45.2880,-0.54,0.2,0.16
2020-08-12 19:13:45.3870,0.01,-0.15,-0.18
2020-08-12 19:13:45.4860,0.7,-0.76,0.18
2020-08-12 19:13:45.5850,1.16,0.07,-0.1
2020-08-12 19:13:45.6850,-0.83,-0.31,-0.51
2020-08-12 19:13:45.7840,0.33,0.04,0.04
2020-08-12 19:13:45.8830,-0.03,-0.06,0.1
2020-08-12 19:13:45.9830,0.13,-0.04,-0.06
2020-08-12 19:13:46.0820,0.03,0.0,0.04
2020-08-12 19:13:46.1810,0.0,-0.0,0.01
2020-08-12 19:13:46.2800,-0.03,-0.01,0.02
2020-08-12 19:13:46.3800,-0.05,-0.08,0.07
2020-08-12 19:13:46.4790,-0.12,-0.15,0.12
2020-08-12 19:13:46.5780,-0.45,-0.32,0.21
2020-08-12 19:13:46.6780,-0.23,-0.42,0.38
2020-08-12 19:13:46.7770,-0.69,-0.16,0.09
2020-08-12 19:13:46.8760,-0.5,0.09,0.2
2020-08-12 19:13:46.9750,0.29,-0.27,-0.04
2020-08-12 19:13:47.0740,0.58,-0.67,-0.08
2020-08-12 19:13:47.1740,1.12,0.07,-0.22
2020-08-12 19:13:47.2730,-0.3,-0.54,-0.14
2020-08-12 19:13:47.3720,0.58,-0.4,-0.07
2020-08-12 19:13:47.4710,0.07,-0.08,-0.0
2020-08-12 19:13:47.5720,0.22,-0.03,0.01
2020-08-12 19:13:47.6700,-0.02,0.01,0.03
2020-08-12 19:13:47.7690,-0.02,0.0,-0.02
2020-08-12 19:13:47.8680,-0.02,-0.04,0.08
2020-08-12 19:13:47.9680,-0.09,-0.05,0.04
2020-08-12 19:13:48.0670,-0.13,-0.27,0.1
2020-08-12 19:13:48.1660,-0.49,-0.4,0.19
2020-08-12 19:13:48.2650,-0.49,-0.45,0.5
2020-08-12 19:13:48.3650,-0.97,0.0,0.18
2020-08-12 19:13:48.4640,-0.38,0.12,0.18
2020-08-12 19:13:48.5630,0.23,-0.54,0.12
2020-08-12 19:13:48.6630,1.28,-0.54,0.04
2020-08-12 19:13:48.7620,0.85,0.04,-0.08
2020-08-12 19:13:48.8610,-0.94,0.22,0.24
2020-08-12 19:13:48.9600,0.5,0.15,-0.08
2020-08-12 19:13:49.0600,-0.27,-0.02,0.24
2020-08-12 19:13:49.1590,0.2,-0.07,-0.11
2020-08-12 19:13:49.2580,0.05,0.01,0.0
2020-08-12 19:13:49.3570,-0.03,0.0,-0.08
2020-08-12 19:13:49.4570,-0.08,0.06,0.08
2020-08-12 19:13:49.5560,-0.14,-0.04,0.14
2020-08-12 19:13:49.6550,-0.28,-0.32,0.17
2020-08-12 19:13:49.7540,-0.48,-0.37,0.28
2020-08-12 19:13:49.8540,-0.54,0.08,0.45
2020-08-12 19:13:49.9530,-0.71,0.23,0.19
2020-08-12 19:13:50.0520,-0.06,-0.1,0.05
2020-08-12 19:13:50.1520,0.58,-0.62,0.07
2020-08-12 19:13:50.2510,1.47,0.06,-0.2
2020-08-12 19:13:50.3500,-0.52,-1.21,-0.56
2020-08-12 19:13:50.4490,0.5,-0.1,0.01
2020-08-12 19:13:50.5490,-0.04,-0.11,0.01
2020-08-12 19:13:50.6480,0.41,-0.02,-0.02
2020-08-12 19:13:50.7470,0.05,0.03,0.02
2020-08-12 19:13:50.8460,-0.06,-0.0,0.01
2020-08-12 19:13:50.9460,0.03,-0.03,0.03
2020-08-12 19:13:51.0450,-0.21,-0.03,0.09
2020-08-12 19:13:51.1440,-0.15,-0.44,0.03
2020-08-12 19:13:51.2430,-0.4,-0.54,-0.0
2020-08-12 19:13:51.3430,-1.12,-0.81,0.53
2020-08-12 19:13:51.4420,-0.43,0.11,0.06
2020-08-12 19:13:51.5410,-0.24,-0.03,0.1
2020-08-12 19:13:51.6400,0.35,-0.47,0.01
2020-08-12 19:13:51.7400,1.0,-0.42,0.12
2020-08-12 19:13:51.8390,0.98,-0.06,-0.05
2020-08-12 19:13:51.9380,-0.01,0.06,-0.2
2020-08-12 19:13:52.0370,0.71,0.24,0.0
2020-08-12 19:13:52.1370,-0.4,0.1,0.06
2020-08-12 19:13:52.2360,-0.17,0.03,0.15
2020-08-12 19:13:52.3350,-0.03,-0.01,-0.03
2020-08-12 19:13:52.4340,0.03,-0.03,-0.03
2020-08-12 19:13:52.5340,-0.2,0.0,0.07
2020-08-12 19:13:52.6330,-0.14,-0.41,-0.06
2020-08-12 19:13:52.7320,-0.46,-0.51,0.25
2020-08-12 19:13:52.8320,-0.72,-0.12,0.45
2020-08-12 19:13:52.9310,-0.65,0.23,0.04
2020-08-12 19:13:53.0300,-0.26,-0.05,0.22
2020-08-12 19:13:53.1290,0.04,-0.36,0.09
2020-08-12 19:13:53.2290,1.02,-0.55,0.16
2020-08-12 19:13:53.3280,0.99,0.13,-0.04
2020-08-12 19:13:53.4270,-0.23,-0.43,0.16
2020-08-12 19:13:53.5260,0.7,0.14,-0.16
2020-08-12 19:13:53.6260,-0.15,0.1,0.11
2020-08-12 19:13:53.7250,0.03,-0.02,-0.08
2020-08-12 19:13:53.8240,0.0,-0.0,-0.07
2020-08-12 19:13:53.9240,-0.01,-0.03,-0.03
2020-08-12 19:13:54.0230,-0.06,0.01,-0.09
2020-08-12 19:13:54.1220,-0.12,-0.26,0.04
2020-08-12 19:13:54.2210,-0.54,-0.45,0.35
2020-08-12 19:13:54.3200,-0.14,-0.39,0.47
2020-08-12 19:13:54.4200,-0.63,-0.07,0.12
2020-08-12 19:13:54.5190,-0.5,0.09,0.11
2020-08-12 19:13:54.6180,0.14,-0.38,0.21
2020-08-12 19:13:54.7180,1.07,-0.72,0.03
2020-08-12 19:13:54.8170,0.79,0.06,-0.19
2020-08-12 19:13:54.9160,-0.28,-0.73,-0.39
2020-08-12 19:13:55.0150,0.37,-0.59,0.2
2020-08-12 19:13:55.1140,0.1,-0.05,-0.04
2020-08-12 19:13:55.2140,0.22,0.01,0.07
2020-08-12 19:13:55.3130,-0.18,0.0,-0.0
2020-08-12 19:13:55.4120,-0.01,-0.01,-0.03
2020-08-12 19:13:55.5120,-0.05,0.01,0.01
2020-08-12 19:13:55.6110,-0.05,-0.03,0.07
2020-08-12 19:13:55.7100,-0.14,-0.3,0.05
2020-08-12 19:13:55.8090,-0.51,-0.52,0.25
2020-08-12 19:13:55.9090,-0.61,-0.11,0.52
2020-08-12 19:13:56.0080,-0.72,0.23,0.14
2020-08-12 19:13:56.1070,-0.39,-0.08,0.01
2020-08-12 19:13:56.2060,0.16,-0.58,0.0
2020-08-12 19:13:56.3060,1.08,-0.3,-0.02
2020-08-12 19:13:56.4050,0.91,0.0,-0.05
2020-08-12 19:13:56.5040,0.03,-0.03,-0.06
2020-08-12 19:13:56.6030,0.71,-0.04,0.04
2020-08-12 19:13:56.7030,-0.15,-0.03,0.11
2020-08-12 19:13:56.8020,0.03,-0.02,-0.08
2020-08-12 19:13:56.9010,0.01,0.03,0.03
2020-08-12 19:13:57.0010,-0.13,0.01,0.1
2020-08-12 19:13:57.1000,-0.01,-0.03,0.05
2020-08-12 19:13:57.1990,-0.09,-0.17,-0.03
2020-08-12 19:13:57.2980,-0.2,-0.22,0.19
2020-08-12 19:13:57.3980,-0.48,-0.47,0.23
2020-08-12 19:13:57.4970,-0.56,-0.13,0.53
2020-08-12 19:13:57.5960,-0.59,0.27,0.14
2020-08-12 19:13:57.6950,-0.15,-0.17,-0.1
2020-08-12 19:13:57.7950,0.19,-0.37,-0.06
2020-08-12 19:13:57.8940,0.95,-0.27,0.0
2020-08-12 19:13:57.9930,0.78,0.05,-0.05
2020-08-12 19:13:58.0920,-0.53,-0.25,0.15
2020-08-12 19:13:58.1920,0.37,-0.0,-0.09
2020-08-12 19:13:58.2910,-0.08,-0.03,0.06
2020-08-12 19:13:58.3900,0.06,0.01,0.02
2020-08-12 19:13:58.4890,-0.03,0.0,-0.07
2020-08-12 19:13:58.5890,0.03,0.0,-0.02
2020-08-12 19:13:58.6880,0.03,-0.02,0.08
2020-08-12 19:13:58.7870,-0.17,-0.11,0.1
2020-08-12 19:13:58.8870,-0.35,-0.46,0.2
2020-08-12 19:13:58.9860,-0.26,-0.61,0.34
2020-08-12 19:13:59.0850,-0.43,-0.04,0.3
2020-08-12 19:13:59.1840,-0.77,0.18,0.1
2020-08-12 19:13:59.2830,0.2,-0.45,-0.07
2020-08-12 19:13:59.3830,0.97,-0.89,0.16
2020-08-12 19:13:59.4820,1.44,0.13,-0.06
2020-08-12 19:13:59.5810,-0.09,-0.26,-0.2
2020-08-12 19:13:59.6810,0.67,-0.13,-0.03
2020-08-12 19:13:59.7800,0.12,-0.01,0.07
2020-08-12 19:13:59.8790,0.05,-0.03,-0.02
2020-08-12 19:13:59.9780,0.05,0.01,-0.01
2020-08-12 19:14:00.0780,-0.1,-0.03,0.02
2020-08-12 19:14:00.1770,-0.11,-0.04,0.07
2020-08-12 19:14:00.2760,-0.18,-0.19,0.06
2020-08-12 19:14:00.3750,-0.48,-0.41,0.26
2020-08-12 19:14:00.4750,-0.24,-0.6,0.49
2020-08-12 19:14:00.5740,-0.64,-0.21,0.15
2020-08-12 19:14:00.6730,-0.8,0.2,0.09
2020-08-12 19:14:00.7720,0.08,-0.19,-0.05
2020-08-12 19:14:00.8720,0.86,-0.78,0.07
2020-08-12 19:14:00.9710,1.01,0.08,-0.07
2020-08-12 19:14:01.0700,-0.7,-0.56,-0.62
2020-08-12 19:14:01.1690,0.49,-0.11,-0.02
2020-08-12 19:14:01.2690,-0.09,0.01,0.21
2020-08-12 19:14:01.3680,0.2,-0.04,-0.01
2020-08-12 19:14:01.4670,-0.01,0.01,0.06
2020-08-12 19:14:01.5660,-0.07,0.01,0.06
2020-08-12 19:14:01.6660,0.01,0.0,-0.09
2020-08-12 19:14:01.7650,-0.06,0.02,0.08
2020-08-12 19:14:01.8640,0.0,-0.26,0.08
2020-08-12 19:14:01.9640,-0.58,-0.52,0.16
2020-08-12 19:14:02.0630,-0.43,-0.43,0.41
2020-08-12 19:14:02.1620,-0.8,-0.02,-0.02
2020-08-12 19:14:02.2610,-0.6,0.23,0.19
2020-08-12 19:14:02.3600,0.19,-0.51,0.1
2020-08-12 19:14:02.4600,1.05,-0.58,0.18
2020-08-12 19:14:02.5590,0.88,0.14,-0.15
2020-08-12 19:14:02.6580,-1.05,-0.23,-0.72
2020-08-12 19:14:02.7580,0.07,0.23,-0.07
2020-08-12 19:14:02.8570,-0.2,-0.01,0.21
2020-08-12 19:14:02.9560,0.18,-0.07,-0.01
2020-08-12 19:14:03.0550,-0.03,0.01,0.08
2020-08-12 19:14:03.1550,0.01,0.01,0.0
2020-08-12 19:14:03.2540,-0.06,-0.02,0.01
2020-08-12 19:14:03.3530,-0.03,-0.07,0.01
2020-08-12 19:14:03.4520,-0.17,-0.3,0.15
2020-08-12 19:14:03.5520,-0.61,-0.46,0.24
2020-08-12 19:14:03.6510,-0.42,-0.05,0.55
2020-08-12 19:14:03.7500,-0.57,0.17,0.23
2020-08-12 19:14:03.8490,-0.44,-0.06,0.05
2020-08-12 19:14:03.9490,-0.14,-0.21,0.15
2020-08-12 19:14:04.0480,0.81,-0.86,0.04
2020-08-12 19:14:04.1470,1.26,0.24,-0.41
2020-08-12 19:14:04.2460,-1.14,-0.3,-0.72
2020-08-12 19:14:04.3460,0.47,0.1,-0.02
2020-08-12 19:14:04.4450,-0.08,-0.3,0.2
2020-08-12 19:14:04.5440,0.11,0.02,-0.02
2020-08-12 19:14:04.6440,0.09,-0.0,-0.02
2020-08-12 19:14:04.7430,-0.04,0.03,0.06
2020-08-12 19:14:04.8420,0.01,-0.03,-0.0
2020-08-12 19:14:04.9410,-0.07,-0.04,0.07
2020-08-12 19:14:05.0410,-0.21,-0.23,0.13
2020-08-12 19:14:05.1400,-0.53,-0.48,0.14
2020-08-12 19:14:05.2390,-0.34,-0.58,0.45
2020-08-12 19:14:05.3380,-0.41,-0.11,0.11
2020-08-12 19:14:05.4380,-0.41,0.25,0.15
2020-08-12 19:14:05.5370,0.03,-0.16,-0.04
2020-08-12 19:14:05.6360,0.63,-0.91,0.06
2020-08-12 19:14:05.7350,1.25,0.24,-0.24
2020-08-12 19:14:05.8350,-0.89,-0.59,-0.69
2020-08-12 19:14:05.9340,0.51,0.09,-0.02
2020-08-12 19:14:06.0330,-0.09,-0.08,-0.09
2020-08-12 19:14:06.1330,0.13,-0.01,0.15
2020-08-12 19:14:06.2320,-0.05,0.02,-0.01
2020-08-12 19:14:06.3310,-0.1,-0.08,-0.01
2020-08-12 19:14:06.4300,0.02,-0.01,-0.04
2020-08-12 19:14:06.5290,-0.14,-0.03,0.07
2020-08-12 19:14:06.6290,-0.14,-0.41,-0.06
2020-08-12 19:14:06.7280,-0.57,-0.63,0.27
2020-08-12 19:14:06.8270,-0.38,-0.04,0.25
2020-08-12 19:14:06.9260,-0.7,0.26,0.13
2020-08-12 19:14:07.0260,-0.19,-0.02,0.19
2020-08-12 19:14:07.1250,0.06,-0.27,0.12
2020-08-12 19:14:07.2240,0.79,-0.77,0.01
2020-08-12 19:14:07.3240,1.13,0.2,-0.09
2020-08-12 19:14:07.4230,-0.26,-0.58,0.15
2020-08-12 19:14:07.5220,0.22,0.14,-0.11
2020-08-12 19:14:07.6210,-0.05,-0.02,-0.12
2020-08-12 19:14:07.7210,0.11,0.01,0.02
2020-08-12 19:14:07.8200,-0.01,0.04,0.02
2020-08-12 19:14:07.9190,0.04,0.01,0.02
2020-08-12 19:14:08.0180,0.06,-0.14,-0.13
2020-08-12 19:14:08.1180,-0.13,-0.06,0.04
2020-08-12 19:14:08.2170,-0.21,-0.19,0.15
2020-08-12 19:14:08.3160,-0.47,-0.41,0.32
2020-08-12 19:14:08.4150,-1.2,-0.98,0.36
2020-08-12 19:14:08.5150,-0.71,0.26,0.06
2020-08-12 19:14:08.6140,-0.25,-0.1,0.13
2020-08-12 19:14:08.7130,0.13,-0.27,0.1
2020-08-12 19:14:08.8120,0.71,-0.59,0.12
2020-08-12 19:14:08.9120,1.03,0.16,-0.12
2020-08-12 19:14:09.0110,-0.78,-0.23,-0.42
2020-08-12 19:14:09.1100,0.27,0.16,0.05
2020-08-12 19:14:09.2090,-0.0,-0.08,0.12
2020-08-12 19:14:09.3090,0.2,-0.02,0.1
2020-08-12 19:14:09.4080,-0.05,-0.01,0.01
2020-08-12 19:14:09.5080,-0.06,0.01,-0.04
2020-08-12 19:14:09.6060,0.06,-0.01,-0.04
2020-08-12 19:14:09.7060,0.02,-0.07,-0.03
2020-08-12 19:14:09.8050,-0.29,-0.35,0.13
2020-08-12 19:14:09.9040,-0.54,-0.48,0.22
2020-08-12 19:14:10.0040,-1.18,-1.04,0.36
2020-08-12 19:14:10.1030,-0.58,0.27,0.15
2020-08-12 19:14:10.2020,-0.1,-0.12,0.07
2020-08-12 19:14:10.3010,0.14,-0.52,0.12
2020-08-12 19:14:10.4010,1.17,-0.21,-0.01
2020-08-12 19:14:10.5000,0.7,0.04,-0.16
2020-08-12 19:14:10.5990,-0.56,-0.36,0.52
2020-08-12 19:14:10.6980,0.99,0.14,-0.09
2020-08-12 19:14:10.7980,-0.13,0.07,0.21
2020-08-12 19:14:10.8970,0.01,-0.0,-0.04
2020-08-12 19:14:10.9960,-0.01,-0.0,0.0
2020-08-12 19:14:11.0960,0.06,-0.03,-0.02
2020-08-12 19:14:11.1950,-0.08,0.02,0.06
2020-08-12 19:14:11.2940,-0.14,-0.11,0.05
2020-08-12 19:14:11.3930,-0.25,-0.35,0.15
2020-08-12 19:14:11.4930,-0.42,-0.47,0.31
2020-08-12 19:14:11.5920,0.01,1.01,0.28
2020-08-12 19:14:11.6910,-0.34,0.32,0.05
2020-08-12 19:14:11.7900,-0.13,-0.04,0.03
2020-08-12 19:14:11.8900,0.2,-0.53,0.13
2020-08-12 19:14:11.9890,1.11,-0.3,0.0
2020-08-12 19:14:12.0880,0.88,-0.07,-0.11
2020-08-12 19:14:12.1870,0.12,-0.21,0.0
2020-08-12 19:14:12.2870,0.32,0.04,-0.05
2020-08-12 19:14:12.3860,-0.01,0.06,0.07
2020-08-12 19:14:12.4850,0.05,0.02,0.02
2020-08-12 19:14:12.5840,0.04,0.01,0.06
2020-08-12 19:14:12.6840,-0.01,-0.0,0.03
2020-08-12 19:14:12.7830,-0.12,-0.02,0.02
2020-08-12 19:14:12.8820,-0.05,-0.18,0.03
2020-08-12 19:14:12.9810,-0.31,-0.34,0.18
2020-08-12 19:14:13.0810,-0.37,-0.41,0.18
2020-08-12 19:14:13.1800,-0.27,0.5,0.45
2020-08-12 19:14:13.2790,-0.65,0.27,0.06
2020-08-12 19:14:13.3790,0.01,-0.25,-0.01
2020-08-12 19:14:13.4780,0.48,-0.87,-0.09
2020-08-12 19:14:13.5770,1.4,0.31,-0.38
2020-08-12 19:14:13.6760,-0.75,-0.88,-0.85
2020-08-12 19:14:13.7750,0.56,0.23,-0.06
2020-08-12 19:14:13.8750,-0.26,-0.24,0.12
2020-08-12 19:14:13.9740,0.01,-0.01,-0.06
2020-08-12 19:14:14.0730,0.09,0.02,0.01
2020-08-12 19:14:14.1720,0.03,-0.03,-0.01
2020-08-12 19:14:14.2720,-0.12,0.02,0.05
2020-08-12 19:14:14.3710,-0.13,-0.11,0.09
2020-08-12 19:14:14.4700,-0.25,-0.31,0.15
2020-08-12 19:14:14.5690,-0.47,-0.53,0.39
2020-08-12 19:14:14.6690,-0.07,0.98,0.23
2020-08-12 19:14:14.7680,-0.49,0.4,0.22
2020-08-12 19:14:14.8670,0.0,-0.35,-0.12
2020-08-12 19:14:14.9670,0.62,-0.79,0.1
2020-08-12 19:14:15.0660,1.27,0.19,-0.1
2020-08-12 19:14:15.1650,-0.64,-0.53,-0.55
2020-08-12 19:14:15.2640,0.64,-0.41,-0.19
2020-08-12 19:14:15.3640,-0.28,-0.15,0.22
2020-08-12 19:14:15.4630,0.06,0.01,0.0
2020-08-12 19:14:15.5620,0.01,0.02,-0.01
2020-08-12 19:14:15.6610,0.06,0.02,0.0
2020-08-12 19:14:15.7610,-0.01,-0.02,0.05
2020-08-12 19:14:15.8600,-0.14,-0.12,0.13
2020-08-12 19:14:15.9590,-0.37,-0.25,0.18
2020-08-12 19:14:16.0580,-0.22,-0.44,0.08
2020-08-12 19:14:16.1580,0.01,0.43,0.42
2020-08-12 19:14:16.2570,-0.55,0.26,0.14
2020-08-12 19:14:16.3560,-0.1,0.03,-0.08
2020-08-12 19:14:16.4560,0.25,-0.46,0.15
2020-08-12 19:14:16.5550,1.2,-0.14,0.09
2020-08-12 19:14:16.6540,0.63,-0.22,-0.4
2020-08-12 19:14:16.7530,0.3,-0.33,0.21
2020-08-12 19:14:16.8530,0.11,0.11,-0.14
2020-08-12 19:14:16.9520,0.0,-0.01,0.04
2020-08-12 19:14:17.0510,0.03,-0.01,-0.03
2020-08-12 19:14:17.1500,-0.05,0.01,0.02
2020-08-12 19:14:17.2500,-0.02,0.0,0.01
2020-08-12 19:14:17.3490,-0.06,-0.03,0.06
2020-08-12 19:14:17.4480,-0.12,-0.19,-0.05
2020-08-12 19:14:17.5470,-0.41,-0.29,0.18
2020-08-12 19:14:17.6470,-0.3,-0.44,0.19
2020-08-12 19:14:17.7460,-0.28,0.27,0.5
2020-08-12 19:14:17.8450,-0.56,0.19,0.09
2020-08-12 19:14:17.9450,0.16,-0.33,0.05
2020-08-12 19:14:18.0440,0.74,-0.55,-0.09
2020-08-12 19:14:18.1430,0.94,-0.03,-0.15
2020-08-12 19:14:18.2420,0.01,-0.45,0.08
2020-08-12 19:14:18.3410,0.8,-0.85,-0.08
2020-08-12 19:14:18.4410,0.0,-0.08,0.14
2020-08-12 19:14:18.5400,0.06,0.04,0.08
2020-08-12 19:14:18.6390,0.02,-0.02,0.05
2020-08-12 19:14:18.7380,-0.02,-0.01,-0.01
2020-08-12 19:14:18.8380,-0.11,0.02,0.05
2020-08-12 19:14:18.9370,0.0,-0.03,0.02
2020-08-12 19:14:19.0360,-0.09,-0.24,0.09
2020-08-12 19:14:19.1360,-0.45,-0.43,0.21
2020-08-12 19:14:19.2350,-0.64,-0.35,0.41
2020-08-12 19:14:19.3340,-0.84,0.11,0.08
2020-08-12 19:14:19.4330,-0.33,0.03,0.06
2020-08-12 19:14:19.5330,0.03,-0.32,0.18
2020-08-12 19:14:19.6320,1.08,-0.62,0.12
2020-08-12 19:14:19.7310,0.73,0.05,-0.13
2020-08-12 19:14:19.8300,-0.89,-0.28,-0.75
2020-08-12 19:14:19.9300,0.39,0.0,-0.01
2020-08-12 19:14:20.0290,0.01,-0.12,0.09
2020-08-12 19:14:20.1280,0.17,0.0,0.07
2020-08-12 19:14:20.2270,-0.07,0.01,-0.04
2020-08-12 19:14:20.3270,-0.03,0.01,-0.03
2020-08-12 19:14:20.4260,-0.01,0.0,0.0
2020-08-12 19:14:20.5250,-0.06,-0.03,0.04
2020-08-12 19:14:20.6250,-0.16,-0.29,0.03
2020-08-12 19:14:20.7240,-0.46,-0.36,0.31
2020-08-12 19:14:20.8230,-0.26,-0.21,0.41
2020-08-12 19:14:20.9220,-0.88,0.25,0.11
2020-08-12 19:14:21.0220,-0.41,0.12,0.18
2020-08-12 19:14:21.1210,0.02,-0.11,0.05
2020-08-12 19:14:21.2200,0.59,-0.7,-0.03
2020-08-12 19:14:21.3190,0.83,-0.06,-0.21
2020-08-12 19:14:21.4180,0.22,-0.33,-0.08
2020-08-12 19:14:21.5180,0.24,-0.46,0.39
2020-08-12 19:14:21.6170,0.31,-0.01,-0.21
2020-08-12 19:14:21.7160,0.11,0.03,0.11
2020-08-12 19:14:21.8150,0.03,-0.01,0.05
2020-08-12 19:14:21.9150,-0.03,-0.0,0.07
2020-08-12 19:14:22.0140,-0.06,0.02,0.06
2020-08-12 19:14:22.1130,0.03,-0.02,0.04
2020-08-12 19:14:22.2130,-0.06,-0.02,0.1
2020-08-12 19:14:22.3120,-0.19,-0.2,0.16
2020-08-12 19:14:22.4110,-0.45,-0.45,0.11
2020-08-12 19:14:22.5110,-0.64,-0.3,0.4
2020-08-12 19:14:22.6100,-0.68,0.14,0.1
2020-08-12 19:14:22.7090,-0.22,0.09,0.08
2020-08-12 19:14:22.8080,-0.01,-0.16,0.05
2020-08-12 19:14:22.9070,0.76,-0.83,0.13
2020-08-12 19:14:23.0070,0.81,0.07,-0.17
2020-08-12 19:14:23.1060,-0.9,-0.25,0.08
2020-08-12 19:14:23.2050,0.65,-0.09,-0.23
2020-08-12 19:14:23.3050,-0.08,-0.15,0.07
2020-08-12 19:14:23.4040,0.21,-0.04,0.05
2020-08-12 19:14:23.5030,-0.04,0.07,0.15
2020-08-12 19:14:23.6020,-0.17,0.02,-0.02
2020-08-12 19:14:23.7010,0.06,-0.0,0.01
2020-08-12 19:14:23.8010,-0.22,-0.01,0.01
2020-08-12 19:14:23.9000,-0.14,-0.4,-0.05
2020-08-12 19:14:23.9990,-0.5,-0.42,0.22
2020-08-12 19:14:24.0980,-0.5,-0.39,0.4
2020-08-12 19:14:24.1980,-0.6,-0.06,-0.01
2020-08-12 19:14:24.2970,-0.42,0.22,0.19
2020-08-12 19:14:24.3960,0.11,-0.28,0.01
2020-08-12 19:14:24.4960,0.65,-0.74,0.01
2020-08-12 19:14:24.5950,0.93,0.12,-0.13
2020-08-12 19:14:24.6940,-0.34,-0.46,-0.16
2020-08-12 19:14:24.7930,0.53,-0.49,0.03
2020-08-12 19:14:24.8930,0.11,-0.01,0.01
2020-08-12 19:14:24.9920,0.1,0.03,0.04
2020-08-12 19:14:25.0910,0.04,0.01,0.1
2020-08-12 19:14:25.1900,-0.01,-0.0,-0.02
2020-08-12 19:14:25.2900,-0.03,0.01,-0.01
2020-08-12 19:14:25.3890,-0.12,-0.07,0.07
2020-08-12 19:14:25.4880,-0.09,-0.3,0.02
2020-08-12 19:14:25.5870,-0.49,-0.36,0.24
2020-08-12 19:14:25.6870,-0.53,-0.27,0.53
2020-08-12 19:14:25.7860,-0.77,0.08,0.27
2020-08-12 19:14:25.8850,-0.35,-0.03,0.19
2020-08-12 19:14:25.9840,-0.0,-0.36,0.05
2020-08-12 19:14:26.0840,0.85,-0.71,0.18
2020-08-12 19:14:26.1830,1.24,-0.01,-0.15
2020-08-12 19:14:26.2820,-0.58,-0.53,0.29
2020-08-12 19:14:26.3820,0.75,0.13,-0.31
2020-08-12 19:14:26.4810,-0.4,-0.03,0.09
2020-08-12 19:14:26.5800,0.01,-0.04,-0.04
2020-08-12 19:14:26.6790,0.05,-0.0,-0.01
2020-08-12 19:14:26.7780,-0.03,-0.0,0.0
2020-08-12 19:14:26.8780,-0.07,0.05,0.08
2020-08-12 19:14:26.9770,-0.19,-0.06,0.13
2020-08-12 19:14:27.0760,-0.38,-0.32,0.13
2020-08-12 19:14:27.1750,-0.39,-0.36,0.16
2020-08-12 19:14:27.2750,-0.21,0.79,0.52
2020-08-12 19:14:27.3740,-0.38,0.27,0.12
2020-08-12 19:14:27.4730,-0.06,-0.09,0.04
2020-08-12 19:14:27.5730,0.27,-0.37,0.21
2020-08-12 19:14:27.6720,1.13,-0.35,0.19
2020-08-12 19:14:27.7710,0.99,0.03,-0.16
2020-08-12 19:14:27.8700,-0.14,-0.13,-0.21
2020-08-12 19:14:27.9700,0.72,0.08,-0.0
2020-08-12 19:14:28.0690,-0.33,0.07,0.07
2020-08-12 19:14:28.1680,0.11,-0.02,-0.05
2020-08-12 19:14:28.2670,0.04,0.01,0.01
2020-08-12 19:14:28.3670,-0.05,0.02,0.02
2020-08-12 19:14:28.4660,-0.07,-0.01,0.01
2020-08-12 19:14:28.5650,-0.17,-0.07,0.12
2020-08-12 19:14:28.6640,-0.43,-0.35,0.16
2020-08-12 19:14:28.7640,-0.37,-0.45,0.17
2020-08-12 19:14:28.8630,-0.14,0.61,0.43
2020-08-12 19:14:28.9620,-0.47,0.25,0.04
2020-08-12 19:14:29.0610,-0.17,-0.22,-0.05
2020-08-12 19:14:29.1610,0.48,-0.65,0.05
2020-08-12 19:14:29.2600,1.26,0.12,-0.26
2020-08-12 19:14:29.3590,-0.14,-0.78,-0.3
2020-08-12 19:14:29.4590,0.47,-0.55,0.16
2020-08-12 19:14:29.5580,0.16,0.03,-0.16
2020-08-12 19:14:29.6570,0.31,0.02,0.04
2020-08-12 19:14:29.7560,-0.08,-0.01,0.09
2020-08-12 19:14:29.8560,-0.03,-0.01,-0.03
2020-08-12 19:14:29.9550,-0.01,-0.01,0.01
2020-08-12 19:14:30.0540,-0.08,-0.05,0.03
2020-08-12 19:14:30.1530,-0.18,-0.24,0.05
2020-08-12 19:14:30.2530,-0.55,-0.47,0.24
2020-08-12 19:14:30.3520,-0.6,-0.11,0.43
2020-08-12 19:14:30.4510,-0.64,0.19,0.06
2020-08-12 19:14:30.5500,-0.36,0.04,0.13
2020-08-12 19:14:30.6500,0.15,-0.57,-0.02
2020-08-12 19:14:30.7490,1.11,-0.31,0.29
2020-08-12 19:14:30.8480,0.93,-0.04,-0.1
2020-08-12 19:14:30.9470,0.14,-0.38,-0.13
2020-08-12 19:14:31.0470,0.22,0.05,-0.05
2020-08-12 19:14:31.1460,-0.25,0.05,0.08
2020-08-12 19:14:31.2450,-0.17,-0.03,-0.02
2020-08-12 19:14:31.3440,0.07,0.03,0.01
2020-08-12 19:14:31.4450,-0.1,0.12,0.09
2020-08-12 19:14:31.5430,-0.04,-0.04,0.07
2020-08-12 19:14:31.6420,-0.18,-0.2,0.01
2020-08-12 19:14:31.7420,-0.44,-0.29,0.24
2020-08-12 19:14:31.8410,-0.21,-0.38,0.06
2020-08-12 19:14:31.9400,-0.29,0.2,0.4
2020-08-12 19:14:32.0390,-0.44,0.12,0.07
2020-08-12 19:14:32.1390,-0.06,-0.07,-0.02
2020-08-12 19:14:32.2380,0.36,-0.54,0.07
2020-08-12 19:14:32.3370,1.12,-0.04,-0.11
2020-08-12 19:14:32.4360,0.55,-0.19,-0.08
2020-08-12 19:14:32.5360,0.17,-0.23,0.29
2020-08-12 19:14:32.6350,0.33,-0.03,-0.03
2020-08-12 19:14:32.7340,-0.13,0.06,0.03
2020-08-12 19:14:32.8330,0.02,-0.01,-0.0
2020-08-12 19:14:32.9330,0.07,0.01,0.01
2020-08-12 19:14:33.0320,0.02,-0.0,-0.02
2020-08-12 19:14:33.1310,-0.12,0.02,0.01
2020-08-12 19:14:33.2300,-0.12,-0.14,0.08
2020-08-12 19:14:33.3300,-0.3,-0.28,0.2
2020-08-12 19:14:33.4290,-0.44,-0.44,0.13
2020-08-12 19:14:33.5280,-0.81,-0.01,0.41
2020-08-12 19:14:33.6280,-0.49,0.23,0.15
2020-08-12 19:14:33.7270,-0.14,-0.02,-0.03
2020-08-12 19:14:33.8260,0.33,-0.43,-0.03
2020-08-12 19:14:33.9250,0.83,-0.3,0.15
2020-08-12 19:14:34.0250,0.89,0.08,-0.05
2020-08-12 19:14:34.1240,0.23,-0.18,-0.34
2020-08-12 19:14:34.2230,0.23,0.04,0.15
2020-08-12 19:14:34.3220,-0.08,-0.03,0.01
2020-08-12 19:14:34.4210,-0.05,0.01,0.02
2020-08-12 19:14:34.5210,0.05,-0.02,-0.0
2020-08-12 19:14:34.6200,0.02,-0.05,-0.11
2020-08-12 19:14:34.7190,-0.09,0.01,0.03
2020-08-12 19:14:34.8190,-0.08,-0.27,-0.08
2020-08-12 19:14:34.9180,-0.53,-0.54,0.2
2020-08-12 19:14:35.0170,-0.44,-0.21,0.53
2020-08-12 19:14:35.1160,-0.62,0.07,0.11
2020-08-12 19:14:35.2160,-0.33,0.25,0.12
2020-08-12 19:14:35.3150,0.04,-0.22,-0.1
2020-08-12 19:14:35.4140,0.55,-0.89,0.05
2020-08-12 19:14:35.5130,1.25,0.21,-0.26
2020-08-12 19:14:35.6130,-0.64,-0.51,-0.43
2020-08-12 19:14:35.7120,0.71,-0.22,-0.08
2020-08-12 19:14:35.8110,0.02,-0.04,0.04
2020-08-12 19:14:35.9100,0.13,0.0,-0.05
2020-08-12 19:14:36.0100,0.14,-0.01,0.0
2020-08-12 19:14:36.1090,-0.0,0.05,0.03
2020-08-12 19:14:36.2080,-0.04,-0.03,-0.07
2020-08-12 19:14:36.3070,-0.09,-0.07,0.05
2020-08-12 19:14:36.4070,-0.11,-0.25,0.17
2020-08-12 19:14:36.5060,-0.52,-0.4,0.18
2020-08-12 19:14:36.6050,-0.75,-0.16,0.53
2020-08-12 19:14:36.7040,-0.65,0.17,0.05
2020-08-12 19:14:36.8040,-0.26,0.05,0.08
2020-08-12 19:14:36.9030,0.01,-0.44,0.08
2020-08-12 19:14:37.0020,1.18,-0.65,0.2
2020-08-12 19:14:37.1020,0.94,-0.17,-0.22
2020-08-12 19:14:37.2010,0.27,-0.37,0.15
2020-08-12 19:14:37.3000,0.07,0.03,0.02
2020-08-12 19:14:37.3990,0.07,0.02,-0.02
2020-08-12 19:14:37.4990,-0.02,-0.01,-0.03
2020-08-12 19:14:37.5980,-0.02,0.0,-0.01
2020-08-12 19:14:37.6970,0.02,0.0,0.01
2020-08-12 19:14:37.7960,-0.09,-0.03,0.08
2020-08-12 19:14:37.8960,-0.21,-0.22,0.07
2020-08-12 19:14:37.9950,-0.54,-0.5,0.25
2020-08-12 19:14:38.0940,-0.53,-0.09,0.45
2020-08-12 19:14:38.1930,-0.62,0.3,0.22
2020-08-12 19:14:38.2930,-0.27,-0.09,0.02
2020-08-12 19:14:38.3920,0.09,-0.34,0.06
2020-08-12 19:14:38.4910,0.98,-0.67,0.01
2020-08-12 19:14:38.5900,0.82,0.05,-0.09
2020-08-12 19:14:38.6900,-0.75,-0.27,0.08
2020-08-12 19:14:38.7890,0.61,0.01,-0.09
2020-08-12 19:14:38.8880,-0.3,-0.06,0.24
2020-08-12 19:14:38.9870,0.03,0.01,0.01
2020-08-12 19:14:39.0870,-0.01,0.03,-0.1
2020-08-12 19:14:39.1860,0.04,-0.0,0.01
2020-08-12 19:14:39.2850,0.03,-0.04,0.03
2020-08-12 19:14:39.3840,-0.18,-0.08,0.06
2020-08-12 19:14:39.4840,-0.23,-0.27,0.11
2020-08-12 19:14:39.5830,-0.49,-0.34,0.26
2020-08-12 19:14:39.6820,-1.2,-0.84,0.58
2020-08-12 19:14:39.7820,-0.41,0.18,0.0
2020-08-12 19:14:39.8810,-0.27,0.03,0.02
2020-08-12 19:14:39.9800,0.16,-0.38,0.04
2020-08-12 19:14:40.0800,0.96,-0.61,0.09
2020-08-12 19:14:40.1790,0.8,-0.1,-0.02
2020-08-12 19:14:40.2780,-0.54,-0.26,0.37
2020-08-12 19:14:40.3770,0.3,0.13,-0.1
2020-08-12 19:14:40.4760,-0.16,-0.14,0.16
2020-08-12 19:14:40.5760,0.08,-0.03,0.03
2020-08-12 19:14:40.6750,-0.0,0.02,0.04
2020-08-12 19:14:40.7740,-0.02,-0.02,0.03
2020-08-12 19:14:40.8730,-0.03,-0.03,0.06
2020-08-12 19:14:40.9730,-0.14,-0.25,-0.09
2020-08-12 19:14:41.0720,-0.45,-0.44,0.27
2020-08-12 19:14:41.1710,-0.41,-0.16,0.55
2020-08-12 19:14:41.2710,-0.78,0.16,0.15
2020-08-12 19:14:41.3700,-0.48,0.13,0.06
2020-08-12 19:14:41.4690,0.15,-0.36,-0.07
2020-08-12 19:14:41.5680,0.57,-0.67,-0.09
2020-08-12 19:14:41.6670,0.95,0.08,-0.23
2020-08-12 19:14:41.7670,0.12,-0.4,0.11
2020-08-12 19:14:41.8660,0.41,-0.32,0.07
2020-08-12 19:14:41.9650,0.2,-0.01,0.02
2020-08-12 19:14:42.0640,0.21,-0.03,0.07
2020-08-12 19:14:42.1640,-0.08,-0.02,0.05
2020-08-12 19:14:42.2630,-0.04,0.02,0.04
2020-08-12 19:14:42.3620,0.0,-0.04,-0.11
2020-08-12 19:14:42.4620,-0.06,-0.0,0.11
2020-08-12 19:14:42.5610,-0.05,-0.2,0.0
2020-08-12 19:14:42.6600,-0.56,-0.36,0.29
2020-08-12 19:14:42.7590,-0.13,-0.39,0.37
2020-08-12 19:14:42.8590,-0.71,-0.1,0.03
2020-08-12 19:14:42.9580,-0.56,0.15,0.13
2020-08-12 19:14:43.0570,0.09,-0.41,0.08
2020-08-12 19:14:43.1560,0.63,-0.67,0.03
2020-08-12 19:14:43.2560,1.04,0.04,-0.2
2020-08-12 19:14:43.3550,0.28,-0.49,-0.05
2020-08-12 19:14:43.4540,0.21,-0.25,0.17
2020-08-12 19:14:43.5530,0.28,-0.06,-0.1
2020-08-12 19:14:43.6530,-0.13,0.11,0.09
2020-08-12 19:14:43.7520,-0.17,-0.02,-0.01
2020-08-12 19:14:43.8510,0.04,0.02,0.05
2020-08-12 19:14:43.9510,0.02,-0.06,-0.11
2020-08-12 19:14:44.0500,-0.11,0.01,0.04
2020-08-12 19:14:44.1490,0.11,-0.1,-0.01
2020-08-12 19:14:44.2480,-0.37,-0.28,0.21
2020-08-12 19:14:44.3470,-0.36,-0.29,0.14
2020-08-12 19:14:44.4470,-0.13,0.58,0.35
2020-08-12 19:14:44.5460,-0.47,0.07,0.11
2020-08-12 19:14:44.6450,-0.07,-0.08,-0.04
2020-08-12 19:14:44.7440,0.18,-0.37,-0.0
2020-08-12 19:14:44.8440,1.09,-0.41,0.17
2020-08-12 19:14:44.9430,0.79,-0.38,-0.34
2020-08-12 19:14:45.0420,0.19,-0.31,0.16
2020-08-12 19:14:45.1420,0.15,0.01,-0.21
2020-08-12 19:14:45.2410,0.37,-0.01,0.05
2020-08-12 19:14:45.3400,0.05,0.01,0.01
2020-08-12 19:14:45.4400,-0.0,-0.01,-0.05
2020-08-12 19:14:45.5390,-0.02,0.03,-0.01
2020-08-12 19:14:45.6380,-0.06,-0.07,0.08
2020-08-12 19:14:45.7370,-0.18,-0.21,0.04
2020-08-12 19:14:45.8360,-0.52,-0.48,0.18
2020-08-12 19:14:45.9360,-0.37,-0.34,0.39
2020-08-12 19:14:46.0350,-0.84,-0.12,0.1
2020-08-12 19:14:46.1340,-0.42,-0.01,0.17
2020-08-12 19:14:46.2330,0.16,-0.3,-0.11
2020-08-12 19:14:46.3330,0.32,-0.57,-0.07
2020-08-12 19:14:46.4320,1.07,0.08,-0.14
2020-08-12 19:14:46.5310,-0.04,-0.46,-0.07
2020-08-12 19:14:46.6300,0.24,-0.04,0.04
2020-08-12 19:14:46.7300,0.09,-0.18,-0.01
2020-08-12 19:14:46.8290,0.13,0.02,0.13
2020-08-12 19:14:46.9280,0.0,0.02,0.02
2020-08-12 19:14:47.0270,-0.02,-0.01,0.04
2020-08-12 19:14:47.1270,-0.13,0.06,0.05
2020-08-12 19:14:47.2260,0.01,-0.15,0.04
2020-08-12 19:14:47.3250,-0.29,-0.23,0.21
2020-08-12 19:14:47.4240,-0.54,-0.36,0.34
2020-08-12 19:14:47.5240,-0.8,-0.22,0.49
2020-08-12 19:14:47.6230,-0.51,0.24,0.18
2020-08-12 19:14:47.7220,-0.06,-0.17,0.04
2020-08-12 19:14:47.8220,0.15,-0.38,0.08
2020-08-12 19:14:47.9210,0.88,-0.59,0.13
2020-08-12 19:14:48.0200,1.13,0.08,-0.11
2020-08-12 19:14:48.1190,-0.53,-0.25,0.39
2020-08-12 19:14:48.2190,0.58,0.06,-0.34
2020-08-12 19:14:48.3180,-0.35,-0.05,0.21
2020-08-12 19:14:48.4170,-0.05,0.01,-0.02
2020-08-12 19:14:48.5160,-0.03,0.04,0.04
2020-08-12 19:14:48.6160,-0.02,0.02,0.01
2020-08-12 19:14:48.7150,-0.05,0.01,0.06
2020-08-12 19:14:48.8140,-0.14,-0.11,0.1
2020-08-12 19:14:48.9130,-0.41,-0.22,0.22
2020-08-12 19:14:49.0130,-0.29,-0.31,0.13
2020-08-12 19:14:49.1120,-0.19,0.58,0.25
2020-08-12 19:14:49.2110,-0.55,0.25,0.18
2020-08-12 19:14:49.3100,-0.04,-0.24,-0.05
2020-08-12 19:14:49.4100,0.13,-0.51,-0.04
2020-08-12 19:14:49.5090,1.0,-0.18,-0.04
2020-08-12 19:14:49.6080,0.77,-0.11,0.01
2020-08-12 19:14:49.7080,0.25,-0.31,0.04
2020-08-12 19:14:49.8070,0.2,0.06,-0.03
2020-08-12 19:14:49.9060,0.2,0.02,0.04
2020-08-12 19:14:50.0050,-0.03,-0.01,0.08
2020-08-12 19:14:50.1040,0.02,-0.02,0.01
2020-08-12 19:14:50.2040,0.08,-0.0,-0.0
2020-08-12 19:14:50.3030,-0.17,-0.03,0.03
2020-08-12 19:14:50.4020,-0.15,-0.23,0.05
2020-08-12 19:14:50.5020,-0.5,-0.37,0.25
2020-08-12 19:14:50.6010,-0.23,-0.57,0.2
2020-08-12 19:14:50.7000,-0.73,-0.05,0.17
2020-08-12 19:14:50.7990,-0.61,0.15,0.2
2020-08-12 19:14:50.8990,0.0,-0.22,0.14
2020-08-12 19:14:50.9980,0.82,-0.47,0.05
2020-08-12 19:14:51.0970,0.83,-0.05,-0.02
2020-08-12 19:14:51.1960,0.4,-0.3,-0.3
2020-08-12 19:14:51.2960,0.63,-0.37,0.17
2020-08-12 19:14:51.3950,0.1,-0.09,-0.0
2020-08-12 19:14:51.4940,0.15,-0.03,0.05
2020-08-12 19:14:51.5930,-0.01,-0.0,-0.02
2020-08-12 19:14:51.6930,-0.02,-0.0,-0.01
2020-08-12 19:14:51.7920,-0.1,-0.0,0.02
2020-08-12 19:14:51.8910,0.01,-0.12,0.03
2020-08-12 19:14:51.9900,-0.27,-0.24,0.16
2020-08-12 19:14:52.0900,-0.4,-0.29,0.18
2020-08-12 19:14:52.1890,-0.13,0.62,0.47
2020-08-12 19:14:52.2880,-0.73,0.11,0.22
2020-08-12 19:14:52.3880,-0.09,-0.21,0.14
2020-08-12 19:14:52.4870,0.07,-0.32,0.01
2020-08-12 19:14:52.5860,0.96,-0.57,0.1
2020-08-12 19:14:52.6850,0.8,-0.02,-0.0
2020-08-12 19:14:52.7850,-0.23,-0.29,0.11
2020-08-12 19:14:52.8840,0.32,0.04,-0.03
2020-08-12 19:14:52.9830,-0.12,0.02,0.03
2020-08-12 19:14:53.0820,-0.07,0.07,-0.1
2020-08-12 19:14:53.1820,0.03,0.01,-0.03
2020-08-12 19:14:53.2810,0.07,-0.01,0.01
2020-08-12 19:14:53.3810,-0.05,-0.02,0.01
2020-08-12 19:14:53.4790,-0.18,-0.29,0.04
2020-08-12 19:14:53.5790,-0.49,-0.28,0.22
2020-08-12 19:14:53.6780,-0.16,-0.43,0.22
2020-08-12 19:14:53.7770,-0.7,0.17,0.23
2020-08-12 19:14:53.8760,-0.29,-0.05,0.1
2020-08-12 19:14:53.9760,-0.0,-0.16,0.02
2020-08-12 19:14:54.0750,0.26,-0.45,-0.04
2020-08-12 19:14:54.1740,0.96,-0.14,-0.08
2020-08-12 19:14:54.2730,0.54,-0.46,-0.32
2020-08-12 19:14:54.3730,0.38,-0.39,0.07
2020-08-12 19:14:54.4720,0.17,-0.09,0.01
2020-08-12 19:14:54.5710,0.09,-0.0,0.01
2020-08-12 19:14:54.6700,0.01,-0.0,0.03
2020-08-12 19:14:54.7700,0.04,-0.02,-0.01
2020-08-12 19:14:54.8690,-0.12,-0.02,-0.03
2020-08-12 19:14:54.9680,-0.09,-0.09,0.07
2020-08-12 19:14:55.0680,-0.28,-0.32,0.11
2020-08-12 19:14:55.1670,-0.4,-0.47,0.13
2020-08-12 19:14:55.2660,-0.31,0.44,0.44
2020-08-12 19:14:55.3650,-0.77,0.17,0.25
2020-08-12 19:14:55.4640,0.05,-0.26,-0.15
2020-08-12 19:14:55.5640,0.32,-0.71,-0.02
2020-08-12 19:14:55.6630,1.13,0.08,-0.34
2020-08-12 19:14:55.7620,0.13,-0.26,-0.16
2020-08-12 19:14:55.8620,0.27,-0.15,0.06
2020-08-12 19:14:55.9610,0.19,-0.08,0.0
2020-08-12 19:14:56.0600,0.1,-0.02,0.0
2020-08-12 19:14:56.1590,-0.07,0.01,-0.05
2020-08-12 19:14:56.2590,0.01,0.01,-0.05
2020-08-12 19:14:56.3580,-0.06,0.04,0.04
2020-08-12 19:14:56.4570,-0.08,-0.01,0.03
2020-08-12 19:14:56.5560,-0.2,-0.26,0.05
2020-08-12 19:14:56.6560,-0.51,-0.58,-0.0
2020-08-12 19:14:56.7550,-0.55,-0.18,0.46
2020-08-12 19:14:56.8550,-0.42,0.18,0.16
2020-08-12 19:14:56.9530,-0.25,-0.22,0.15
2020-08-12 19:14:57.0530,0.08,-0.36,-0.01
2020-08-12 19:14:57.1520,0.8,-0.67,0.02
2020-08-12 19:14:57.2510,1.11,0.12,-0.16
2020-08-12 19:14:57.3510,-0.66,-0.34,0.38
2020-08-12 19:14:57.4500,0.49,0.07,-0.17
2020-08-12 19:14:57.5490,-0.16,-0.01,0.08
2020-08-12 19:14:57.6480,0.13,0.01,-0.09
2020-08-12 19:14:57.7480,0.05,0.02,0.06
2020-08-12 19:14:57.8470,0.01,-0.01,-0.03
2020-08-12 19:14:57.9460,-0.14,0.04,0.11
2020-08-12 19:14:58.0450,-0.14,-0.05,0.09
2020-08-12 19:14:58.1440,-0.34,-0.3,0.12
2020-08-12 19:14:58.2440,-0.44,-0.49,0.31
2020-08-12 19:14:58.3430,0.05,1.14,0.35
2020-08-12 19:14:58.4420,-0.48,0.22,0.09
2020-08-12 19:14:58.5420,-0.11,-0.17,0.06
2020-08-12 19:14:58.6410,0.17,-0.45,0.09
2020-08-12 19:14:58.7400,1.28,-0.19,-0.0
2020-08-12 19:14:58.8390,0.72,-0.33,-0.11
2020-08-12 19:14:58.9390,0.29,-0.37,0.13
2020-08-12 19:14:59.0380,0.24,0.03,-0.04
2020-08-12 19:14:59.1370,-0.07,0.11,0.09
2020-08-12 19:14:59.2360,0.01,-0.03,-0.05
2020-08-12 19:14:59.3360,0.07,-0.03,-0.02
2020-08-12 19:14:59.4350,-0.03,-0.01,0.0
2020-08-12 19:14:59.5340,-0.14,0.02,0.09
2020-08-12 19:14:59.6340,-0.06,-0.12,-0.04
2020-08-12 19:14:59.7330,-0.41,-0.51,0.14
2020-08-12 19:14:59.8320,-0.2,-0.24,0.23
2020-08-12 19:14:59.9310,-0.26,0.02,0.27
2020-08-12 19:15:00.0300,-0.54,0.23,0.26
2020-08-12 19:15:00.1300,0.13,-0.45,-0.0
2020-08-12 19:15:00.2290,0.55,-0.54,-0.03
2020-08-12 19:15:00.3280,0.92,-0.04,-0.16
2020-08-12 19:15:00.4280,0.06,-0.37,-0.3
2020-08-12 19:15:00.5270,0.62,-0.45,0.28
2020-08-12 19:15:00.6260,0.02,-0.02,-0.02
2020-08-12 19:15:00.7250,0.25,-0.02,0.08
2020-08-12 19:15:00.8240,0.07,0.0,0.02
2020-08-12 19:15:00.9240,-0.04,-0.02,-0.0
2020-08-12 19:15:01.0230,0.01,-0.02,0.02
2020-08-12 19:15:01.1220,-0.2,-0.07,0.04
2020-08-12 19:15:01.2220,-0.29,-0.15,0.17
2020-08-12 19:15:01.3210,-0.62,-0.46,0.12
2020-08-12 19:15:01.4200,-1.27,-1.06,0.25
2020-08-12 19:15:01.5190,-0.57,0.02,0.22
2020-08-12 19:15:01.6190,-0.39,-0.26,0.1
2020-08-12 19:15:01.7180,0.01,-0.44,-0.04
2020-08-12 19:15:01.8170,1.23,-0.43,0.14
2020-08-12 19:15:01.9160,1.02,-0.23,-0.05
2020-08-12 19:15:02.0160,-0.02,-0.05,-0.19
2020-08-12 19:15:02.1150,0.15,0.09,-0.11
2020-08-12 19:15:02.2140,-0.12,0.04,0.11
2020-08-12 19:15:02.3130,-0.04,0.02,-0.04
2020-08-12 19:15:02.4130,0.03,0.0,-0.01
2020-08-12 19:15:02.5120,0.02,-0.01,-0.04
2020-08-12 19:15:02.6110,-0.01,0.01,0.04
2020-08-12 19:15:02.7100,-0.12,-0.21,0.06
2020-08-12 19:15:02.8100,-0.38,-0.37,0.18
2020-08-12 19:15:02.9090,-0.29,-0.45,0.06
2020-08-12 19:15:03.0080,-0.33,0.01,0.25
2020-08-12 19:15:03.1080,-0.63,0.2,0.22
2020-08-12 19:15:03.2070,-0.01,-0.22,0.08
2020-08-12 19:15:03.3060,0.51,-0.57,0.07
2020-08-12 19:15:03.4050,1.2,0.03,-0.26
2020-08-12 19:15:03.5040,0.45,-0.62,-0.17
2020-08-12 19:15:03.6040,0.24,-0.31,0.19
2020-08-12 19:15:03.7030,0.36,-0.15,0.04
2020-08-12 19:15:03.8020,0.0,-0.02,0.03
2020-08-12 19:15:03.9020,-0.05,-0.01,-0.04
2020-08-12 19:15:04.0010,-0.02,0.01,-0.04
2020-08-12 19:15:04.1000,0.03,-0.01,-0.01
2020-08-12 19:15:04.2000,-0.07,-0.06,0.06
2020-08-12 19:15:04.2990,-0.18,-0.27,0.09
2020-08-12 19:15:04.3980,-0.54,-0.41,0.29
2020-08-12 19:15:04.4970,-0.52,-0.12,0.39
2020-08-12 19:15:04.5970,-0.75,0.21,0.24
2020-08-12 19:15:04.6960,-0.16,-0.25,-0.05
2020-08-12 19:15:04.7950,0.08,-0.42,-0.06
2020-08-12 19:15:04.8940,0.77,-0.61,0.16
2020-08-12 19:15:04.9940,1.06,0.09,-0.0
2020-08-12 19:15:05.0930,-1.68,-0.69,-0.76
2020-08-12 19:15:05.1920,0.69,0.1,0.03
2020-08-12 19:15:05.2910,-0.35,-0.16,0.29
2020-08-12 19:15:05.3900,0.03,-0.01,-0.12
2020-08-12 19:15:05.4900,0.02,-0.02,-0.07
2020-08-12 19:15:05.5890,-0.03,-0.02,-0.04
2020-08-12 19:15:05.6880,-0.11,-0.07,0.05
2020-08-12 19:15:05.7880,-0.15,-0.24,0.06
2020-08-12 19:15:05.8870,-0.53,-0.35,0.26
2020-08-12 19:15:05.9860,-0.25,-0.4,0.41
2020-08-12 19:15:06.0850,-0.92,-0.04,0.2
2020-08-12 19:15:06.1850,-0.68,-0.0,0.21
2020-08-12 19:15:06.2840,0.18,-0.39,0.12
2020-08-12 19:15:06.3830,0.85,-0.7,0.01
2020-08-12 19:15:06.4820,1.36,0.18,-0.21
2020-08-12 19:15:06.5820,-1.32,-0.59,-0.86
2020-08-12 19:15:06.6810,0.65,-0.28,-0.12
2020-08-12 19:15:06.7800,-0.18,-0.0,0.27
2020-08-12 19:15:06.8790,0.05,0.0,-0.01
2020-08-12 19:15:06.9790,0.01,0.01,0.02
2020-08-12 19:15:07.0780,-0.01,0.0,-0.02
2020-08-12 19:15:07.1770,-0.15,-0.02,0.07
2020-08-12 19:15:07.2760,-0.15,-0.2,-0.02
2020-08-12 19:15:07.3760,-0.43,-0.31,0.24
2020-08-12 19:15:07.4750,-0.28,-0.37,0.42
2020-08-12 19:15:07.5740,-0.29,0.02,0.31
2020-08-12 19:15:07.6730,-0.51,0.18,0.19
2020-08-12 19:15:07.7730,-0.11,-0.33,0.05
2020-08-12 19:15:07.8720,0.8,-0.88,0.01
2020-08-12 19:15:07.9710,1.1,0.17,-0.33
2020-08-12 19:15:08.0700,-0.66,-0.38,-0.63
2020-08-12 19:15:08.1700,0.7,-0.41,0.11
2020-08-12 19:15:08.2690,-0.14,-0.06,0.03
2020-08-12 19:15:08.3680,0.12,0.0,-0.0
2020-08-12 19:15:08.4680,-0.03,0.0,0.02
2020-08-12 19:15:08.5670,0.02,0.01,-0.01
2020-08-12 19:15:08.6660,-0.11,0.02,0.06
2020-08-12 19:15:08.7650,-0.07,-0.04,0.05
2020-08-12 19:15:08.8650,-0.46,-0.32,0.18
2020-08-12 19:15:08.9640,-0.41,-0.61,0.18
2020-08-12 19:15:09.0630,-0.33,0.39,0.5
2020-08-12 19:15:09.1620,-0.8,0.2,0.13
2020-08-12 19:15:09.2620,0.09,-0.27,-0.02
2020-08-12 19:15:09.3610,0.52,-0.98,0.11
2020-08-12 19:15:09.4600,1.53,0.42,-0.24
2020-08-12 19:15:09.5590,-0.69,-0.8,-0.57
2020-08-12 19:15:09.6590,0.7,-0.18,-0.03
2020-08-12 19:15:09.7580,-0.12,-0.17,0.06
2020-08-12 19:15:09.8570,0.09,0.02,-0.17
2020-08-12 19:15:09.9570,0.01,0.01,-0.04
2020-08-12 19:15:10.0560,0.01,-0.02,0.02
2020-08-12 19:15:10.1550,-0.0,-0.01,-0.0
2020-08-12 19:15:10.2540,-0.19,-0.03,0.19
2020-08-12 19:15:10.3530,-0.49,-0.38,0.19
2020-08-12 19:15:10.4530,-0.21,-0.49,0.17
2020-08-12 19:15:10.5520,-0.48,0.04,0.34
2020-08-12 19:15:10.6510,-0.89,0.11,0.13
2020-08-12 19:15:10.7510,0.07,-0.3,-0.0
2020-08-12 19:15:10.8500,0.72,-0.81,0.12
2020-08-12 19:15:10.9490,1.6,0.36,-0.26
2020-08-12 19:15:11.0480,-1.23,-0.47,-0.09
2020-08-12 19:15:11.1480,0.72,-0.01,-0.03
2020-08-12 19:15:11.2470,-0.16,0.03,0.02
2020-08-12 19:15:11.3460,0.12,-0.01,0.04
2020-08-12 19:15:11.4450,-0.07,0.01,-0.02
2020-08-12 19:15:11.5450,0.04,0.0,-0.03
2020-08-12 19:15:11.6440,-0.07,0.01,0.03
2020-08-12 19:15:11.7430,-0.03,-0.14,0.02
2020-08-12 19:15:11.8420,-0.55,-0.36,0.27
2020-08-12 19:15:11.9420,-0.33,-0.61,0.3
2020-08-12 19:15:12.0410,-0.4,0.2,0.48
2020-08-12 19:15:12.1400,-0.54,0.22,0.18
2020-08-12 19:15:12.2390,0.15,-0.53,0.1
2020-08-12 19:15:12.3390,0.87,-0.75,0.08
2020-08-12 19:15:12.4380,0.96,0.13,-0.14
2020-08-12 19:15:12.5370,-0.4,-0.99,-0.53
2020-08-12 19:15:12.6360,0.72,-0.68,0.41
2020-08-12 19:15:12.7360,-0.23,-0.14,0.0
2020-08-12 19:15:12.8350,0.01,-0.01,-0.05
2020-08-12 19:15:12.9340,0.08,0.02,0.03
2020-08-12 19:15:13.0340,0.04,-0.02,-0.04
2020-08-12 19:15:13.1330,-0.04,-0.0,-0.01
2020-08-12 19:15:13.2320,-0.2,-0.08,0.11
2020-08-12 19:15:13.3310,-0.32,-0.36,-0.03
2020-08-12 19:15:13.4300,-0.25,-0.52,-0.09
2020-08-12 19:15:13.5300,-0.05,1.13,0.55
2020-08-12 19:15:13.6290,-0.42,0.18,0.2
2020-08-12 19:15:13.7280,-0.1,-0.17,0.01
2020-08-12 19:15:13.8280,0.26,-0.59,0.04
2020-08-12 19:15:13.9270,1.23,0.04,0.09
2020-08-12 19:15:14.0260,0.75,-0.17,0.02
2020-08-12 19:15:14.1260,0.37,-0.47,0.11
2020-08-12 19:15:14.2250,0.43,0.04,0.0
2020-08-12 19:15:14.3240,0.08,0.02,0.05
2020-08-12 19:15:14.4230,-0.09,-0.01,0.02
2020-08-12 19:15:14.5220,-0.0,0.01,0.03
2020-08-12 19:15:14.6220,0.09,-0.02,-0.01
2020-08-12 19:15:14.7210,-0.1,0.01,0.06
2020-08-12 19:15:14.8200,-0.17,-0.12,0.13
2020-08-12 19:15:14.9190,-0.45,-0.36,0.22
2020-08-12 19:15:15.0190,-0.15,-0.47,0.19
2020-08-12 19:15:15.1180,-0.4,0.09,0.19
2020-08-12 19:15:15.2170,-0.68,0.19,0.2
2020-08-12 19:15:15.3160,0.06,-0.17,-0.02
2020-08-12 19:15:15.4160,0.51,-0.5,-0.05
2020-08-12 19:15:15.5150,1.13,-0.01,-0.13
2020-08-12 19:15:15.6140,0.38,-0.24,-0.01
2020-08-12 19:15:15.7140,0.31,-0.52,0.14
2020-08-12 19:15:15.8130,0.49,-0.15,-0.12
2020-08-12 19:15:15.9120,0.06,0.01,0.2
2020-08-12 19:15:16.0110,-0.12,0.04,0.11
2020-08-12 19:15:16.1110,-0.01,0.01,0.05
2020-08-12 19:15:16.2100,0.08,-0.02,-0.03
2020-08-12 19:15:16.3090,-0.18,0.01,0.08
2020-08-12 19:15:16.4080,-0.09,-0.13,0.04
2020-08-12 19:15:16.5080,-0.46,-0.28,0.06
2020-08-12 19:15:16.6070,-0.18,-0.43,0.2
2020-08-12 19:15:16.7060,-0.32,0.02,0.34
2020-08-12 19:15:16.8050,-0.62,0.19,0.21
2020-08-12 19:15:16.9040,0.04,-0.17,-0.06
2020-08-12 19:15:17.0040,0.45,-0.77,0.13
2020-08-12 19:15:17.1050,1.5,0.26,-0.29
2020-08-12 19:15:17.2030,-0.3,-0.03,-0.19
2020-08-12 19:15:17.3020,0.16,0.11,0.02
2020-08-12 19:15:17.4010,0.02,-0.3,0.03
2020-08-12 19:15:17.5000,0.18,0.01,0.03
2020-08-12 19:15:17.5990,-0.06,0.01,0.02
2020-08-12 19:15:17.6990,0.03,0.05,-0.07
2020-08-12 19:15:17.7980,-0.05,0.08,0.05
2020-08-12 19:15:17.8970,-0.14,0.09,0.13
2020-08-12 19:15:17.9960,-0.1,-0.17,0.03
2020-08-12 19:15:18.0960,-0.55,-0.53,0.19
2020-08-12 19:15:18.1950,-0.21,-0.27,0.51
2020-08-12 19:15:18.2940,-0.96,-0.04,0.13
2020-08-12 19:15:18.3940,-0.44,0.13,0.13
2020-08-12 19:15:18.4930,0.06,-0.16,0.04
2020-08-12 19:15:18.5920,0.52,-0.7,0.12
2020-08-12 19:15:18.6910,1.44,0.23,-0.26
2020-08-12 19:15:18.7910,-0.48,-0.41,-0.6
2020-08-12 19:15:18.8900,0.45,-0.22,0.12
2020-08-12 19:15:18.9890,0.15,-0.14,-0.15
2020-08-12 19:15:19.0880,0.31,-0.03,0.17
2020-08-12 19:15:19.1880,0.04,0.0,0.02
2020-08-12 19:15:19.2870,0.01,-0.0,-0.01
2020-08-12 19:15:19.3860,-0.02,-0.0,-0.03
2020-08-12 19:15:19.4850,-0.09,-0.01,0.03
2020-08-12 19:15:19.5850,-0.13,-0.14,0.08
2020-08-12 19:15:19.6840,-0.47,-0.37,0.16
2020-08-12 19:15:19.7830,-0.21,-0.48,0.41
2020-08-12 19:15:19.8820,-0.48,-0.17,0.23
2020-08-12 19:15:19.9820,-0.6,0.15,0.12
2020-08-12 19:15:20.0810,0.06,-0.3,0.04
2020-08-12 19:15:20.1800,0.83,-0.77,-0.03
2020-08-12 19:15:20.2800,1.02,0.18,-0.11
2020-08-12 19:15:20.3790,0.12,-0.5,0.06
2020-08-12 19:15:20.4780,0.1,0.01,-0.23
2020-08-12 19:15:20.5770,0.31,-0.01,0.01
2020-08-12 19:15:20.6760,0.0,0.04,0.05
2020-08-12 19:15:20.7760,-0.13,-0.0,0.03
2020-08-12 19:15:20.8750,0.04,-0.0,0.0
2020-08-12 19:15:20.9740,0.01,-0.04,-0.06
2020-08-12 19:15:21.0730,-0.05,0.04,0.02
2020-08-12 19:15:21.1730,0.07,-0.02,-0.04
2020-08-12 19:15:21.2720,0.04,0.02,0.01
2020-08-12 19:15:21.3710,-0.03,-0.08,0.03
2020-08-12 19:15:21.4710,-0.24,-0.16,0.02
2020-08-12 19:15:21.5700,-0.26,-0.17,0.21
2020-08-12 19:15:21.6690,-0.64,0.1,0.02
2020-08-12 19:15:21.7680,-0.46,0.23,0.05
2020-08-12 19:15:21.8680,0.27,-0.22,-0.09
2020-08-12 19:15:21.9670,1.15,0.03,0.16
2020-08-12 19:15:22.0660,-0.43,-0.14,-0.41
2020-08-12 19:15:22.1650,0.22,0.05,0.04
2020-08-12 19:15:22.2640,0.03,-0.03,-0.08
2020-08-12 19:15:22.3640,-0.02,0.01,0.0
2020-08-12 19:15:22.4630,0.01,-0.01,-0.05
2020-08-12 19:15:22.5620,0.0,0.01,-0.0
2020-08-12 19:15:22.6620,0.01,-0.0,-0.02
2020-08-12 19:15:22.7610,-0.03,0.01,0.03
2020-08-12 19:15:22.8600,0.01,0.0,0.0
2020-08-12 19:15:22.9590,-0.01,0.01,-0.0
2020-08-12 19:15:23.0590,-0.02,0.02,0.03
2020-08-12 19:15:23.1580,0.02,0.01,0.03
2020-08-12 19:15:23.2570,0.04,-0.01,-0.04
2020-08-12 19:15:23.3560,0.03,-0.0,-0.0
2020-08-12 19:15:23.4560,0.04,0.01,-0.01
2020-08-12 19:15:23.5550,0.0,0.01,0.02
2020-08-12 19:15:23.6540,0.03,0.0,-0.01
2020-08-12 19:15:23.7540,-0.03,-0.01,0.01
2020-08-12 19:15:23.8530,0.02,-0.01,0.01
2020-08-12 19:15:23.9520,0.02,0.01,-0.0
2020-08-12 19:15:24.0520,-0.01,0.02,0.04
2020-08-12 19:15:24.1510,0.02,-0.0,-0.02
2020-08-12 19:15:24.2500,-0.0,-0.01,-0.01
